{
    "user_badges":[
        {
            "id":98599,
            "granted_at":"2022-01-15T04:22:54.323Z",
            "created_at":"2022-01-15T04:22:54.323Z",
            "count":1,
            "badge_id":1,
            "user_id":301526,
            "granted_by_id":-1
        },
        {
            "id":98774,
            "granted_at":"2022-01-16T01:51:43.797Z",
            "created_at":"2022-01-16T10:50:26.889Z",
            "count":1,
            "post_id":553851,
            "post_number":1,
            "badge_id":12,
            "user_id":301526,
            "granted_by_id":-1,
            "topic_id":385234
        },
        {
            "id":92717,
            "granted_at":"2021-12-17T05:57:33.272Z",
            "created_at":"2021-12-17T05:57:39.243Z",
            "count":1,
            "post_id":509246,
            "post_number":1,
            "badge_id":11,
            "user_id":301526,
            "granted_by_id":-1,
            "topic_id":352263
        }
    ],
    "badges":[
        {
            "id":1,
            "name":"Basic",
            "description":"\u003ca href=\"https://blog.discourse.org/2018/06/understanding-discourse-trust-levels/\"\u003eGranted\u003c/a\u003e all essential community functions",
            "grant_count":33641,
            "allow_title":false,
            "multiple_grant":false,
            "icon":"fa-user",
            "image_url":null,
            "listable":true,
            "enabled":true,
            "badge_grouping_id":4,
            "system":true,
            "slug":"basic",
            "manually_grantable":false,
            "badge_type_id":3
        },
        {
            "id":12,
            "name":"First Share",
            "description":"Shared a post",
            "grant_count":5769,
            "allow_title":false,
            "multiple_grant":false,
            "icon":"fa-certificate",
            "image_url":null,
            "listable":true,
            "enabled":true,
            "badge_grouping_id":1,
            "system":true,
            "slug":"first-share",
            "manually_grantable":false,
            "badge_type_id":3
        },
        {
            "id":11,
            "name":"First Like",
            "description":"Liked a post",
            "grant_count":15923,
            "allow_title":false,
            "multiple_grant":false,
            "icon":"fa-certificate",
            "image_url":null,
            "listable":true,
            "enabled":true,
            "badge_grouping_id":1,
            "system":true,
            "slug":"first-like",
            "manually_grantable":false,
            "badge_type_id":3
        }
    ],
    "badge_types":[
        {
            "id":3,
            "name":"Bronze",
            "sort_order":7
        }
    ],
    "users":[
        {
            "id":301526,
            "username":"Phile",
            "avatar_template":"/letter_avatar_proxy/v4/letter/p/e47c2d/{size}.png",
            "flair_name":null,
            "trust_level":1
        },
        {
            "id":-1,
            "username":"system",
            "avatar_template":"/uploads/default/original/2X/a/aa3fc04dfa7f87732e48477080d83bb91ca5bb53.png",
            "flair_name":null,
            "admin":true,
            "moderator":true,
            "trust_level":4
        }
    ],
    "topics":[
        {
            "id":385234,
            "title":"Trao đổi thành công nhưng coin không hiển thị",
            "fancy_title":"Trao đổi thành công nhưng coin không hiển thị",
            "slug":"trao-d-i-thanh-cong-nh-ng-coin-khong-hi-n-th",
            "posts_count":1
        },
        {
            "id":352263,
            "title":"15,000 $TWT Bounty to Integrate Mina Protocol to Trust Wallet",
            "fancy_title":"15,000 $TWT Bounty to Integrate Mina Protocol to Trust Wallet",
            "slug":"15-000-twt-bounty-to-integrate-mina-protocol-to-trust-wallet",
            "posts_count":1
        }
    ],
    "user":{
        "id":301526,
        "username":"Phile",
        "avatar_template":"/letter_avatar_proxy/v4/letter/p/e47c2d/{size}.png",
        "email":"phile1988@yahoo.com",
        "secondary_emails":[],
        "unconfirmed_emails":[],
        "last_posted_at":null,
        "last_seen_at":"2022-01-20T12:10:24.549Z",
        "created_at":"2021-12-17T05:54:01.768Z",
        "ignored":false,
        "muted":false,
        "can_ignore_user":false,
        "can_mute_user":false,
        "can_send_private_messages":false,
        "can_send_private_message_to_user":false,
        "trust_level":1,
        "moderator":false,
        "admin":false,
        "title":null,
        "badge_count":3,
        "custom_fields":{},
        "time_read":1197,
        "recent_time_read":1197,
        "primary_group_id":null,
        "primary_group_name":null,
        "flair_group_id":null,
        "flair_name":null,
        "flair_url":null,
        "flair_bg_color":null,
        "flair_color":null,
        "featured_topic":null,
        "pending_posts_count":0,
        "can_edit":true,
        "can_edit_username":true,
        "can_edit_email":true,
        "can_edit_name":false,
        "uploaded_avatar_id":null,
        "has_title_badges":false,
        "pending_count":0,
        "profile_view_count":0,
        "second_factor_enabled":false,
        "second_factor_backup_enabled":false,
        "associated_accounts":[],
        "can_upload_profile_header":true,
        "can_upload_user_card_background":true,
        "locale":"en",
        "muted_category_ids":[],
        "regular_category_ids":[],
        "watched_tags":[],
        "watching_first_post_tags":[],
        "tracked_tags":[],
        "muted_tags":[],
        "tracked_category_ids":[],
        "watched_category_ids":[],
        "watched_first_post_category_ids":[],
        "system_avatar_upload_id":null,
        "system_avatar_template":"/letter_avatar_proxy/v4/letter/p/e47c2d/{size}.png",
        "muted_usernames":[],
        "ignored_usernames":[],
        "allowed_pm_usernames":[],
        "mailing_list_posts_per_day":100,
        "can_change_bio":true,
        "can_change_location":true,
        "can_change_website":true,
        "can_change_tracking_preferences":true,
        "user_api_keys":null,
        "user_auth_tokens":[
            {
                "id":407919,
                "client_ip":"125.235.239.226",
                "location":"unknown",
                "browser":"Google Chrome",
                "device":"iPhone",
                "os":"iOS",
                "icon":"fab-apple",
                "created_at":"2022-01-14T04:22:36.675Z",
                "seen_at":"2022-01-14T04:22:36.675Z"
            },
            {
                "id":407916,
                "client_ip":"2402:800:631c:c030:80da:fe61:fb96:b8c5",
                "location":"unknown",
                "browser":"Safari",
                "device":"iPhone",
                "os":"iOS",
                "icon":"fab-apple",
                "created_at":"2022-01-14T04:19:01.114Z",
                "seen_at":"2022-01-20T12:07:26.708Z"
            },
            {
                "id":407917,
                "client_ip":"125.235.239.226",
                "location":"unknown",
                "browser":"Safari",
                "device":"iPhone",
                "os":"iOS",
                "icon":"fab-apple",
                "created_at":"2022-01-14T04:20:28.858Z",
                "seen_at":"2022-01-15T09:06:53.214Z"
            },
            {
                "id":411353,
                "client_ip":"2402:800:631c:c030:80da:fe61:fb96:b8c5",
                "location":"unknown",
                "browser":"Safari",
                "device":"iPhone",
                "os":"iOS",
                "icon":"fab-apple",
                "created_at":"2022-01-17T17:36:08.627Z",
                "seen_at":"2022-01-20T12:10:24.923Z"
            },
            {
                "id":409121,
                "client_ip":"125.235.239.226",
                "location":"unknown",
                "browser":"Safari",
                "device":"iPhone",
                "os":"iOS",
                "icon":"fab-apple",
                "created_at":"2022-01-15T10:34:11.407Z",
                "seen_at":"2022-01-15T10:34:12.545Z"
            },
            {
                "id":409139,
                "client_ip":"125.235.239.226",
                "location":"unknown",
                "browser":"Safari",
                "device":"iPhone",
                "os":"iOS",
                "icon":"fab-apple",
                "created_at":"2022-01-15T11:05:22.158Z",
                "seen_at":"2022-01-15T11:05:22.533Z"
            },
            {
                "id":409782,
                "client_ip":"125.235.239.226",
                "location":"unknown",
                "browser":"Safari",
                "device":"iPhone",
                "os":"iOS",
                "icon":"fab-apple",
                "created_at":"2022-01-16T01:38:38.565Z",
                "seen_at":"2022-01-16T01:50:13.742Z"
            }
        ],
        "user_notification_schedule":{
            "enabled":false,
            "day_0_start_time":480,
            "day_0_end_time":1020,
            "day_1_start_time":480,
            "day_1_end_time":1020,
            "day_2_start_time":480,
            "day_2_end_time":1020,
            "day_3_start_time":480,
            "day_3_end_time":1020,
            "day_4_start_time":480,
            "day_4_end_time":1020,
            "day_5_start_time":480,
            "day_5_end_time":1020,
            "day_6_start_time":480,
            "day_6_end_time":1020
        },
        "use_logo_small_as_avatar":false,
        "featured_user_badge_ids":[
            98599,
            98774,
            92717
        ],
        "invited_by":null,
        "groups":[
            {
                "id":10,
                "automatic":true,
                "name":"trust_level_0",
                "display_name":"trust_level_0",
                "user_count":264433,
                "mentionable_level":0,
                "messageable_level":0,
                "visibility_level":1,
                "primary_group":false,
                "title":null,
                "grant_trust_level":null,
                "flair_url":null,
                "flair_bg_color":null,
                "flair_color":null,
                "bio_cooked":null,
                "bio_excerpt":null,
                "public_admission":false,
                "public_exit":false,
                "allow_membership_requests":false,
                "full_name":null,
                "default_notification_level":3,
                "membership_request_template":null,
                "members_visibility_level":0,
                "can_see_members":true,
                "publish_read_state":false
            },
            {
                "id":11,
                "automatic":true,
                "name":"trust_level_1",
                "display_name":"trust_level_1",
                "user_count":33641,
                "mentionable_level":0,
                "messageable_level":0,
                "visibility_level":1,
                "primary_group":false,
                "title":null,
                "grant_trust_level":null,
                "flair_url":null,
                "flair_bg_color":null,
                "flair_color":null,
                "bio_cooked":null,
                "bio_excerpt":null,
                "public_admission":false,
                "public_exit":false,
                "allow_membership_requests":false,
                "full_name":null,
                "default_notification_level":3,
                "membership_request_template":null,
                "members_visibility_level":0,
                "can_see_members":true,
                "publish_read_state":false
            }
        ],
        "group_users":[
            {
                "group_id":10,
                "user_id":301526,
                "notification_level":3,
                "owner":false
            },
            {
                "group_id":11,
                "user_id":301526,
                "notification_level":3,
                "owner":false
            }
        ],
        "user_option":{
            "user_id":301526,
            "mailing_list_mode":false,
            "mailing_list_mode_frequency":1,
            "email_digests":false,
            "email_level":1,
            "email_messages_level":0,
            "external_links_in_new_tab":false,
            "color_scheme_id":null,
            "dark_scheme_id":null,
            "dynamic_favicon":false,
            "enable_quoting":true,
            "enable_defer":false,
            "digest_after_minutes":0,
            "automatically_unpin_topics":true,
            "auto_track_topics_after_msecs":240000,
            "notification_level_when_replying":2,
            "new_topic_duration_minutes":2880,
            "email_previous_replies":2,
            "email_in_reply_to":false,
            "like_notification_frequency":3,
            "include_tl0_in_digests":false,
            "theme_ids":[
                15
            ],
            "theme_key_seq":0,
            "allow_private_messages":true,
            "enable_allowed_pm_users":false,
            "homepage_id":null,
            "hide_profile_and_presence":false,
            "text_size":"normal",
            "text_size_seq":0,
            "title_count_mode":"notifications",
            "timezone":"Asia/Saigon",
            "skip_new_user_tips":false,
            "default_calendar":"none_selected",
            "oldest_search_log_date":null
        }
    }
}
